223.960007,2010-01-04
226.559998,2010-01-05
219.080002,2010-01-06
216.130005,2010-01-07
216.210007,2010-01-08
218.910004,2010-01-11
213.979996,2010-01-12
214.300003,2010-01-13
208.770004,2010-01-14
208.770004,2010-01-15
208.699997,2010-01-19
206.309998,2010-01-20
208.039993,2010-01-21
204.199997,2010-01-22
202.839996,2010-01-25
204.440002,2010-01-26
207.520004,2010-01-27
201.679993,2010-01-28
195.350006,2010-01-29
204.199997,2010-02-01
204.419998,2010-02-02
208.529999,2010-02-03
200.009995,2010-02-04
196.960007,2010-02-05
200.619995,2010-02-08
205.380005,2010-02-09
206.399994,2010-02-10
208.899994,2010-02-11
207.779999,2010-02-12
211.210007,2010-02-16
212.869995,2010-02-17
232.949997,2010-02-18
230.570007,2010-02-19
229.070007,2010-02-22
225.089996,2010-02-23
225.020004,2010-02-24
223.869995,2010-02-25
226.710007,2010-02-26
238.539993,2010-03-01
241.339996,2010-03-02
235.820007,2010-03-03
233.119995,2010-03-04
235.339996,2010-03-05
240.179993,2010-03-08
238.330002,2010-03-09
240.990005,2010-03-10
242.210007,2010-03-11
238.910004,2010-03-12
238.860001,2010-03-15
241.809998,2010-03-16
242.919998,2010-03-17
242.809998,2010-03-18
239.009995,2010-03-19
243.020004,2010-03-22
244.410004,2010-03-23
243.800003,2010-03-24
255.029999,2010-03-25
252.110001,2010-03-26
255.669998,2010-03-29
255.990005,2010-03-30
255.0,2010-03-31
257.0,2010-04-01
257.649994,2010-04-05
261.600006,2010-04-06
259.809998,2010-04-07
259.309998,2010-04-08
259.48999,2010-04-09
260.230011,2010-04-12
257.600006,2010-04-13
265.26001,2010-04-14
264.980011,2010-04-15
254.860001,2010-04-16
247.580002,2010-04-19
255.279999,2010-04-20
253.149994,2010-04-21
258.309998,2010-04-22
261.700012,2010-04-23
270.359985,2010-04-26
264.299988,2010-04-27
261.779999,2010-04-28
273.0,2010-04-29
262.049988,2010-04-30
269.079987,2010-05-03
258.369995,2010-05-04
246.979996,2010-05-05
233.100006,2010-05-06
225.389999,2010-05-07
249.75,2010-05-10
219.570007,2010-05-11
217.880005,2010-05-12
212.889999,2010-05-13
208.279999,2010-05-14
200.149994,2010-05-17
192.860001,2010-05-18
190.110001,2010-05-19
181.0,2010-05-20
191.240005,2010-05-21
193.139999,2010-05-24
193.440002,2010-05-25
192.419998,2010-05-26
197.589996,2010-05-27
191.160004,2010-05-28
185.009995,2010-06-01
189.830002,2010-06-02
185.110001,2010-06-03
178.539993,2010-06-04
176.389999,2010-06-07
176.729996,2010-06-08
175.190002,2010-06-09
181.240005,2010-06-10
183.910004,2010-06-11
184.139999,2010-06-14
185.770004,2010-06-15
196.410004,2010-06-16
195.259995,2010-06-17
193.089996,2010-06-18
189.25,2010-06-21
188.949997,2010-06-22
188.25,2010-06-23
185.110001,2010-06-24
191.990005,2010-06-25
187.929993,2010-06-28
180.289993,2010-06-29
176.539993,2010-06-30
182.029999,2010-07-01
176.410004,2010-07-02
181.5,2010-07-06
190.729996,2010-07-07
199.279999,2010-07-08
204.089996,2010-07-09
204.0,2010-07-12
216.320007,2010-07-13
215.350006,2010-07-14
222.610001,2010-07-15
218.210007,2010-07-16
220.050003,2010-07-19
221.639999,2010-07-20
218.429993,2010-07-21
227.919998,2010-07-22
228.639999,2010-07-23
231.550003,2010-07-26
224.029999,2010-07-27
224.070007,2010-07-28
224.190002,2010-07-29
224.399994,2010-07-30
227.380005,2010-08-02
230.669998,2010-08-03
281.299988,2010-08-04
292.670013,2010-08-05
295.25,2010-08-06
292.730011,2010-08-09
294.01001,2010-08-10
289.100006,2010-08-11
299.600006,2010-08-12
297.190002,2010-08-13
294.519989,2010-08-16
303.570007,2010-08-17
297.630005,2010-08-18
299.470001,2010-08-19
302.359985,2010-08-20
299.820007,2010-08-23
291.799988,2010-08-24
294.899994,2010-08-25
285.790009,2010-08-26
297.679993,2010-08-27
289.679993,2010-08-30
291.480011,2010-08-31
306.839996,2010-09-01
311.279999,2010-09-02
313.850006,2010-09-03
311.549988,2010-09-07
328.769989,2010-09-08
323.799988,2010-09-09
323.149994,2010-09-10
330.299988,2010-09-13
334.769989,2010-09-14
332.059998,2010-09-15
332.380005,2010-09-16
334.950012,2010-09-17
347.459991,2010-09-20
341.019989,2010-09-21
338.149994,2010-09-22
337.200012,2010-09-23
344.269989,2010-09-24
345.160004,2010-09-27
349.929993,2010-09-28
348.130005,2010-09-29
348.339996,2010-09-30
337.820007,2010-10-01
331.640015,2010-10-04
344.940002,2010-10-05
332.690002,2010-10-06
330.859985,2010-10-07
340.899994,2010-10-08
332.350006,2010-10-11
336.179993,2010-10-12
341.040009,2010-10-13
349.059998,2010-10-14
354.600006,2010-10-15
353.76001,2010-10-18
345.51001,2010-10-19
347.570007,2010-10-20
343.700012,2010-10-21
363.5,2010-10-22
371.929993,2010-10-25
374.440002,2010-10-26
372.5,2010-10-27
367.579987,2010-10-28
376.809998,2010-10-29
374.040009,2010-11-01
381.190002,2010-11-02
379.98999,2010-11-03
380.119995,2010-11-04
388.869995,2010-11-05
388.579987,2010-11-08
420.649994,2010-11-09
419.070007,2010-11-10
419.570007,2010-11-11
414.929993,2010-11-12
407.429993,2010-11-15
399.0,2010-11-16
404.679993,2010-11-17
410.649994,2010-11-18
409.589996,2010-11-19
420.420013,2010-11-22
407.850006,2010-11-23
411.23999,2010-11-24
410.869995,2010-11-26
404.660004,2010-11-29
394.049988,2010-11-30
403.100006,2010-12-01
402.98999,2010-12-02
414.109985,2010-12-03
417.160004,2010-12-06
412.929993,2010-12-07
416.029999,2010-12-08
415.149994,2010-12-09
419.970001,2010-12-10
412.0,2010-12-13
400.23999,2010-12-14
398.880005,2010-12-15
400.279999,2010-12-16
400.640015,2010-12-17
405.329987,2010-12-20
407.0,2010-12-21
416.170013,2010-12-22
413.190002,2010-12-23
408.23999,2010-12-27
404.799988,2010-12-28
405.700012,2010-12-29
404.269989,2010-12-30
399.549988,2010-12-31
415.98999,2011-01-03
409.380005,2011-01-04
433.600006,2011-01-05
437.320007,2011-01-06
440.589996,2011-01-07
440.559998,2011-01-10
431.209991,2011-01-11
434.23999,2011-01-12
439.51001,2011-01-13
437.98999,2011-01-14
440.910004,2011-01-18
432.029999,2011-01-19
424.220001,2011-01-20
425.600006,2011-01-21
423.799988,2011-01-24
428.859985,2011-01-25
422.700012,2011-01-26
437.140015,2011-01-27
425.309998,2011-01-28
428.519989,2011-01-31
437.929993,2011-02-01
437.190002,2011-02-02
435.98999,2011-02-03
433.429993,2011-02-04
437.200012,2011-02-07
442.75,2011-02-08
451.109985,2011-02-09
455.429993,2011-02-10
455.390015,2011-02-11
457.01001,2011-02-14
457.200012,2011-02-15
458.040009,2011-02-16
455.269989,2011-02-17
448.929993,2011-02-18
433.779999,2011-02-22
425.98999,2011-02-23
462.339996,2011-02-24
460.029999,2011-02-25
453.880005,2011-02-28
445.230011,2011-03-01
449.179993,2011-03-02
464.790009,2011-03-03
469.130005,2011-03-04
466.690002,2011-03-07
469.079987,2011-03-08
468.519989,2011-03-09
464.410004,2011-03-10
463.190002,2011-03-11
463.609985,2011-03-14
461.339996,2011-03-15
455.959991,2011-03-16
452.190002,2011-03-17
449.540009,2011-03-18
456.929993,2011-03-21
455.700012,2011-03-22
466.26001,2011-03-23
476.01001,2011-03-24
487.0,2011-03-25
483.98999,2011-03-28
491.690002,2011-03-29
504.0,2011-03-30
506.440002,2011-03-31
513.849976,2011-04-01
518.590027,2011-04-04
516.940002,2011-04-05
506.269989,2011-04-06
508.859985,2011-04-07
506.820007,2011-04-08
512.450012,2011-04-11
512.140015,2011-04-12
514.809998,2011-04-13
512.650024,2011-04-14
520.070007,2011-04-15
516.780029,2011-04-18
525.530029,2011-04-19
531.349976,2011-04-20
543.950012,2011-04-21
544.309998,2011-04-25
537.690002,2011-04-26
539.450012,2011-04-27
550.030029,2011-04-28
547.01001,2011-04-29
555.650024,2011-05-02
540.109985,2011-05-03
537.559998,2011-05-04
533.969971,2011-05-05
519.030029,2011-05-06
529.200012,2011-05-09
528.5,2011-05-10
520.98999,2011-05-11
523.960022,2011-05-12
520.609985,2011-05-13
503.380005,2011-05-16
504.399994,2011-05-17
518.380005,2011-05-18
522.099976,2011-05-19
520.080017,2011-05-20
501.660004,2011-05-23
490.920013,2011-05-24
498.809998,2011-05-25
505.109985,2011-05-26
501.440002,2011-05-27
515.190002,2011-05-31
507.059998,2011-06-01
512.780029,2011-06-02
507.799988,2011-06-03
502.869995,2011-06-06
506.119995,2011-06-07
500.679993,2011-06-08
503.170013,2011-06-09
493.179993,2011-06-10
482.130005,2011-06-13
480.720001,2011-06-14
471.170013,2011-06-15
461.709991,2011-06-16
462.350006,2011-06-17
458.779999,2011-06-20
487.609985,2011-06-21
480.660004,2011-06-22
490.0,2011-06-23
482.970001,2011-06-24
487.100006,2011-06-27
495.399994,2011-06-28
503.880005,2011-06-29
511.929993,2011-06-30
524.799988,2011-07-01
535.369995,2011-07-05
536.130005,2011-07-06
547.340027,2011-07-07
552.150024,2011-07-08
536.549988,2011-07-11
528.570007,2011-07-12
532.27002,2011-07-13
519.719971,2011-07-14
522.5,2011-07-15
516.659973,2011-07-18
537.5,2011-07-19
529.950012,2011-07-20
526.01001,2011-07-21
530.369995,2011-07-22
529.75,2011-07-25
533.669983,2011-07-26
517.210022,2011-07-27
522.289978,2011-07-28
537.650024,2011-07-29
538.859985,2011-08-01
518.320007,2011-08-02
521.969971,2011-08-03
483.339996,2011-08-04
527.809998,2011-08-05
505.0,2011-08-08
517.419983,2011-08-09
498.799988,2011-08-10
500.160004,2011-08-11
503.109985,2011-08-12
514.349976,2011-08-15
497.320007,2011-08-16
491.850006,2011-08-17
458.799988,2011-08-18
448.950012,2011-08-19
446.320007,2011-08-22
476.609985,2011-08-23
485.5,2011-08-24
483.559998,2011-08-25
503.470001,2011-08-26
521.01001,2011-08-29
535.219971,2011-08-30
537.26001,2011-08-31
529.840027,2011-09-01
528.190002,2011-09-02
533.700012,2011-09-06
542.140015,2011-09-07
538.390015,2011-09-08
520.75,2011-09-09
528.869995,2011-09-12
523.030029,2011-09-13
529.559998,2011-09-14
524.0,2011-09-15
525.469971,2011-09-16
531.450012,2011-09-19
537.23999,2011-09-20
531.27002,2011-09-21
505.570007,2011-09-22
514.609985,2011-09-23
513.590027,2011-09-26
511.119995,2011-09-27
498.089996,2011-09-28
478.019989,2011-09-29
449.459991,2011-09-30
445.75,2011-10-03
444.0,2011-10-04
445.670013,2011-10-05
469.559998,2011-10-06
467.730011,2011-10-07
483.850006,2011-10-10
493.26001,2011-10-11
485.540009,2011-10-12
493.769989,2011-10-13
499.130005,2011-10-14
492.850006,2011-10-17
493.209991,2011-10-18
479.0,2011-10-19
473.820007,2011-10-20
495.459991,2011-10-21
519.820007,2011-10-24
505.059998,2011-10-25
495.630005,2011-10-26
520.549988,2011-10-27
523.679993,2011-10-28
507.720001,2011-10-31
489.019989,2011-11-01
493.640015,2011-11-02
511.709991,2011-11-03
513.369995,2011-11-04
509.0,2011-11-07
552.849976,2011-11-08
536.549988,2011-11-09
528.359985,2011-11-10
533.309998,2011-11-11
534.400024,2011-11-14
546.820007,2011-11-15
538.330017,2011-11-16
513.400024,2011-11-17
496.920013,2011-11-18
477.649994,2011-11-21
481.070007,2011-11-22
464.529999,2011-11-23
459.179993,2011-11-25
472.5,2011-11-28
463.0,2011-11-29
485.890015,2011-11-30
488.429993,2011-12-01
486.480011,2011-12-02
484.019989,2011-12-05
479.100006,2011-12-06
484.290009,2011-12-07
479.459991,2011-12-08
479.73999,2011-12-09
475.390015,2011-12-12
462.690002,2011-12-13
445.190002,2011-12-14
445.390015,2011-12-15
457.079987,2011-12-16
459.730011,2011-12-19
480.089996,2011-12-20
472.329987,2011-12-21
479.690002,2011-12-22
481.730011,2011-12-23
484.209991,2011-12-27
475.399994,2011-12-28
476.0,2011-12-29
467.709991,2011-12-30
485.149994,2012-01-03
480.910004,2012-01-04
486.209991,2012-01-05
480.309998,2012-01-06
476.079987,2012-01-09
484.279999,2012-01-10
477.700012,2012-01-11
476.179993,2012-01-12
482.429993,2012-01-13
498.209991,2012-01-17
518.830017,2012-01-18
526.070007,2012-01-19
518.580017,2012-01-20
518.02002,2012-01-23
523.72998,2012-01-24
528.349976,2012-01-25
524.659973,2012-01-26
525.859985,2012-01-27
522.409973,2012-01-30
529.48999,2012-01-31
535.900024,2012-02-01
533.830017,2012-02-02
546.97998,2012-02-03
536.72998,2012-02-06
529.190002,2012-02-07
538.369995,2012-02-08
540.130005,2012-02-09
545.039978,2012-02-10
571.150024,2012-02-13
576.940002,2012-02-14
570.299988,2012-02-15
571.320007,2012-02-16
582.52002,2012-02-17
584.75,2012-02-21
587.719971,2012-02-22
587.400024,2012-02-23
590.409973,2012-02-24
591.539978,2012-02-27
632.76001,2012-02-28
627.02002,2012-02-29
637.320007,2012-03-01
645.859985,2012-03-02
642.690002,2012-03-05
629.73999,2012-03-06
641.599976,2012-03-07
653.820007,2012-03-08
647.450012,2012-03-09
650.950012,2012-03-12
653.789978,2012-03-13
650.75,2012-03-14
657.25,2012-03-15
675.5,2012-03-16
696.929993,2012-03-19
696.469971,2012-03-20
703.650024,2012-03-21
711.98999,2012-03-22
714.98999,2012-03-23
735.400024,2012-03-26
728.849976,2012-03-27
718.200012,2012-03-28
720.039978,2012-03-29
717.5,2012-03-30
719.969971,2012-04-02
743.619995,2012-04-03
745.900024,2012-04-04
756.799988,2012-04-05
764.75,2012-04-09
741.26001,2012-04-10
729.570007,2012-04-11
742.150024,2012-04-12
735.179993,2012-04-13
702.0,2012-04-16
715.369995,2012-04-17
732.219971,2012-04-18
717.179993,2012-04-19
710.169983,2012-04-20
699.0,2012-04-23
685.01001,2012-04-24
724.549988,2012-04-25
733.27002,2012-04-26
762.130005,2012-04-27
760.820007,2012-04-30
755.169983,2012-05-01
761.059998,2012-05-02
749.72998,2012-05-03
736.070007,2012-05-04
737.650024,2012-05-07
716.200012,2012-05-08
718.950012,2012-05-09
681.109985,2012-05-10
675.390015,2012-05-11
663.179993,2012-05-14
662.330017,2012-05-15
662.23999,2012-05-16
645.409973,2012-05-17
632.0,2012-05-18
657.679993,2012-05-21
660.080017,2012-05-22
673.119995,2012-05-23
668.969971,2012-05-24
652.880005,2012-05-25
658.039978,2012-05-29
637.76001,2012-05-30
625.48999,2012-05-31
610.5,2012-06-01
616.539978,2012-06-04
619.830017,2012-06-05
642.51001,2012-06-06
636.150024,2012-06-07
644.359985,2012-06-08
641.710022,2012-06-11
646.97998,2012-06-12
646.5,2012-06-13
640.320007,2012-06-14
659.409973,2012-06-15
673.5,2012-06-18
680.109985,2012-06-19
670.820007,2012-06-20
657.580017,2012-06-21
666.97998,2012-06-22
651.650024,2012-06-25
656.359985,2012-06-26
653.840027,2012-06-27
643.47998,2012-06-28
664.52002,2012-06-29
680.859985,2012-07-02
690.549988,2012-07-03
681.650024,2012-07-05
671.659973,2012-07-06
664.869995,2012-07-09
648.650024,2012-07-10
646.659973,2012-07-11
639.080017,2012-07-12
642.950012,2012-07-13
637.72998,2012-07-16
647.369995,2012-07-17
655.679993,2012-07-18
672.669983,2012-07-19
673.200012,2012-07-20
669.109985,2012-07-23
665.580017,2012-07-24
631.039978,2012-07-25
628.320007,2012-07-26
683.98999,2012-07-27
682.539978,2012-07-30
661.73999,2012-07-31
642.97998,2012-08-01
649.01001,2012-08-02
663.98999,2012-08-03
665.119995,2012-08-06
679.799988,2012-08-07
562.320007,2012-08-08
562.26001,2012-08-09
563.159973,2012-08-10
562.0,2012-08-13
564.659973,2012-08-14
575.309998,2012-08-15
586.789978,2012-08-16
588.780029,2012-08-17
586.609985,2012-08-20
585.76001,2012-08-21
591.039978,2012-08-22
593.530029,2012-08-23
593.179993,2012-08-24
588.400024,2012-08-27
590.119995,2012-08-28
603.210022,2012-08-29
603.599976,2012-08-30
604.570007,2012-08-31
596.890015,2012-09-04
595.179993,2012-09-05
604.0,2012-09-06
621.549988,2012-09-07
608.320007,2012-09-10
617.76001,2012-09-11
619.950012,2012-09-12
626.929993,2012-09-13
637.47998,2012-09-14
643.349976,2012-09-17
640.72998,2012-09-18
639.030029,2012-09-19
633.77002,2012-09-20
636.150024,2012-09-21
631.179993,2012-09-24
631.75,2012-09-25
622.090027,2012-09-26
630.52002,2012-09-27
619.070007,2012-09-28
624.859985,2012-10-01
616.280029,2012-10-02
622.820007,2012-10-03
635.039978,2012-10-04
631.890015,2012-10-05
630.960022,2012-10-08
617.890015,2012-10-09
602.409973,2012-10-10
598.140015,2012-10-11
593.150024,2012-10-12
601.02002,2012-10-15
597.77002,2012-10-16
598.23999,2012-10-17
582.380005,2012-10-18
560.5,2012-10-19
567.200012,2012-10-22
569.039978,2012-10-23
563.669983,2012-10-24
557.869995,2012-10-25
579.460022,2012-10-26
573.77002,2012-10-31
586.099976,2012-11-01
634.73999,2012-11-02
634.789978,2012-11-05
644.900024,2012-11-06
634.609985,2012-11-07
627.869995,2012-11-08
625.869995,2012-11-09
633.429993,2012-11-12
630.309998,2012-11-13
616.400024,2012-11-14
617.52002,2012-11-15
614.780029,2012-11-16
625.5,2012-11-19
635.580017,2012-11-20
639.580017,2012-11-21
641.909973,2012-11-23
639.98999,2012-11-26
636.75,2012-11-27
658.049988,2012-11-28
665.73999,2012-11-29
663.190002,2012-11-30
667.799988,2012-12-03
663.809998,2012-12-04
664.22998,2012-12-05
664.140015,2012-12-06
659.099976,2012-12-07
625.960022,2012-12-10
623.219971,2012-12-11
624.72998,2012-12-12
613.080017,2012-12-13
613.539978,2012-12-14
616.869995,2012-12-17
632.73999,2012-12-18
627.22998,2012-12-19
630.830017,2012-12-20
618.880005,2012-12-21
617.340027,2012-12-24
602.369995,2012-12-26
610.030029,2012-12-27
608.880005,2012-12-28
620.390015,2012-12-31
638.400024,2013-01-02
648.72998,2013-01-03
648.409973,2013-01-04
657.380005,2013-01-07
657.419983,2013-01-08
651.590027,2013-01-09
653.619995,2013-01-10
655.48999,2013-01-11
662.919983,2013-01-14
663.349976,2013-01-15
667.840027,2013-01-16
669.890015,2013-01-17
672.719971,2013-01-18
671.27002,2013-01-22
672.26001,2013-01-23
679.549988,2013-01-24
718.820007,2013-01-25
704.97998,2013-01-28
700.289978,2013-01-29
695.090027,2013-01-30
685.469971,2013-01-31
685.559998,2013-02-01
679.289978,2013-02-04
691.570007,2013-02-05
694.099976,2013-02-06
690.690002,2013-02-07
700.830017,2013-02-08
696.109985,2013-02-11
703.380005,2013-02-12
704.169983,2013-02-13
705.619995,2013-02-14
702.26001,2013-02-15
703.469971,2013-02-19
688.200012,2013-02-20
683.330017,2013-02-21
684.700012,2013-02-22
671.539978,2013-02-25
678.48999,2013-02-26
695.909973,2013-02-27
689.109985,2013-02-28
695.619995,2013-03-01
714.01001,2013-03-04
718.409973,2013-03-05
718.900024,2013-03-06
719.030029,2013-03-07
720.919983,2013-03-08
725.070007,2013-03-11
722.039978,2013-03-12
715.530029,2013-03-13
713.150024,2013-03-14
713.5,2013-03-15
696.809998,2013-03-18
684.150024,2013-03-19
687.580017,2013-03-20
683.98999,2013-03-21
697.909973,2013-03-22
695.640015,2013-03-25
694.590027,2013-03-26
694.859985,2013-03-27
688.159973,2013-03-28
695.76001,2013-04-01
705.909973,2013-04-02
698.719971,2013-04-03
701.349976,2013-04-04
693.309998,2013-04-05
696.530029,2013-04-08
696.130005,2013-04-09
718.940002,2013-04-10
733.98999,2013-04-11
743.109985,2013-04-12
711.380005,2013-04-15
720.700012,2013-04-16
708.799988,2013-04-17
690.01001,2013-04-18
683.570007,2013-04-19
690.869995,2013-04-22
702.349976,2013-04-23
700.799988,2013-04-24
711.219971,2013-04-25
701.190002,2013-04-26
699.429993,2013-04-29
695.98999,2013-04-30
694.059998,2013-05-01
707.950012,2013-05-02
724.77002,2013-05-03
726.710022,2013-05-06
725.049988,2013-05-07
735.27002,2013-05-08
737.5,2013-05-09
765.409973,2013-05-10
777.440002,2013-05-13
791.140015,2013-05-14
805.75,2013-05-15
800.080017,2013-05-16
813.659973,2013-05-17
842.5,2013-05-20
825.960022,2013-05-21
798.030029,2013-05-22
803.599976,2013-05-23
801.119995,2013-05-24
804.330017,2013-05-28
792.27002,2013-05-29
807.539978,2013-05-30
803.929993,2013-05-31
802.619995,2013-06-03
798.690002,2013-06-04
795.5,2013-06-05
805.900024,2013-06-06
816.450012,2013-06-07
823.450012,2013-06-10
813.419983,2013-06-11
807.900024,2013-06-12
814.820007,2013-06-13
815.75,2013-06-14
825.539978,2013-06-17
834.820007,2013-06-18
828.549988,2013-06-19
815.690002,2013-06-20
813.049988,2013-06-21
805.01001,2013-06-24
809.570007,2013-06-25
819.559998,2013-06-26
822.390015,2013-06-27
826.669983,2013-06-28
840.72998,2013-07-01
841.059998,2013-07-02
845.400024,2013-07-03
855.159973,2013-07-05
888.630005,2013-07-08
897.059998,2013-07-09
892.320007,2013-07-10
910.349976,2013-07-11
920.390015,2013-07-12
911.659973,2013-07-15
902.049988,2013-07-16
906.679993,2013-07-17
899.599976,2013-07-18
896.289978,2013-07-19
900.47998,2013-07-22
895.789978,2013-07-23
894.02002,2013-07-24
912.0,2013-07-25
900.080017,2013-07-26
888.109985,2013-07-29
886.859985,2013-07-30
875.669983,2013-07-31
904.349976,2013-08-01
908.359985,2013-08-02
928.580017,2013-08-05
935.380005,2013-08-06
927.580017,2013-08-07
933.75,2013-08-08
969.890015,2013-08-09
958.02002,2013-08-12
953.609985,2013-08-13
940.0,2013-08-14
938.789978,2013-08-15
940.070007,2013-08-16
933.130005,2013-08-19
932.77002,2013-08-20
940.200012,2013-08-21
952.150024,2013-08-22
954.22998,2013-08-23
949.539978,2013-08-26
935.599976,2013-08-27
934.609985,2013-08-28
940.650024,2013-08-29
938.530029,2013-08-30
942.830017,2013-09-03
952.450012,2013-09-04
957.799988,2013-09-05
959.150024,2013-09-06
965.659973,2013-09-09
977.5,2013-09-10
981.559998,2013-09-11
969.789978,2013-09-12
966.820007,2013-09-13
967.73999,2013-09-16
970.23999,2013-09-17
995.090027,2013-09-18
1000.619995,2013-09-19
1003.01001,2013-09-20
996.76001,2013-09-23
1005.98999,2013-09-24
997.320007,2013-09-25
1011.609985,2013-09-26
1014.969971,2013-09-27
1010.950012,2013-09-30
1038.27002,2013-10-01
1067.380005,2013-10-02
1049.310059,2013-10-03
1062.170044,2013-10-04
1041.680054,2013-10-07
998.130005,2013-10-08
989.030029,2013-10-09
1013.190002,2013-10-10
1010.630005,2013-10-11
1017.630005,2013-10-14
1021.51001,2013-10-15
1035.199951,2013-10-16
1032.150024,2013-10-17
1048.25,2013-10-18
1087.089966,2013-10-21
1075.630005,2013-10-22
1065.969971,2013-10-23
1080.400024,2013-10-24
1070.849976,2013-10-25
1060.150024,2013-10-28
1069.52002,2013-10-29
1068.550049,2013-10-30
1053.829956,2013-10-31
1052.5,2013-11-01
1070.569946,2013-11-04
1082.22998,2013-11-05
1058.040039,2013-11-06
1022.890015,2013-11-07
1073.199951,2013-11-08
1096.5,2013-11-11
1099.48999,2013-11-12
1124.199951,2013-11-13
1137.439941,2013-11-14
1139.530029,2013-11-15
1127.930054,2013-11-18
1118.420044,2013-11-19
1147.089966,2013-11-20
1159.109985,2013-11-21
1158.98999,2013-11-22
1159.170044,2013-11-25
1177.97998,2013-11-26
1187.189941,2013-11-27
1192.329956,2013-11-29
1188.5,2013-12-02
1176.47998,2013-12-03
1181.670044,2013-12-04
1174.390015,2013-12-05
1180.400024,2013-12-06
1178.680054,2013-12-09
1188.920044,2013-12-10
1178.109985,2013-12-11
1175.23999,2013-12-12
1171.27002,2013-12-13
1174.25,2013-12-16
1160.900024,2013-12-17
1187.98999,2013-12-18
1191.569946,2013-12-19
1190.949951,2013-12-20
1187.25,2013-12-23
1179.900024,2013-12-24
1189.849976,2013-12-26
1170.310059,2013-12-27
1152.890015,2013-12-30
1162.400024,2013-12-31
1145.439941,2014-01-02
1132.680054,2014-01-03
1139.530029,2014-01-06
1163.069946,2014-01-07
1157.5,2014-01-08
1153.689941,2014-01-09
1148.839966,2014-01-10
1139.719971,2014-01-13
1159.209961,2014-01-14
1172.859985,2014-01-15
1184.650024,2014-01-16
1178.040039,2014-01-17
1205.949951,2014-01-21
1213.290039,2014-01-22
1208.859985,2014-01-23
1179.930054,2014-01-24
1143.23999,2014-01-27
1162.530029,2014-01-28
1133.790039,2014-01-29
1160.0,2014-01-30
1144.890015,2014-01-31
1113.48999,2014-02-03
1126.119995,2014-02-04
1124.01001,2014-02-05
1138.339966,2014-02-06
1195.390015,2014-02-07
1207.819946,2014-02-10
1213.930054,2014-02-11
1246.640015,2014-02-12
1276.069946,2014-02-13
1279.97998,2014-02-14
1301.640015,2014-02-18
1273.76001,2014-02-19
1283.0,2014-02-20
1315.650024,2014-02-21
1313.670044,2014-02-24
1353.48999,2014-02-25
1356.939941,2014-02-26
1357.790039,2014-02-27
1348.839966,2014-02-28
1338.23999,2014-03-03
1368.319946,2014-03-04
1370.430054,2014-03-05
1364.400024,2014-03-06
1358.040039,2014-03-07
1343.439941,2014-03-10
1326.300049,2014-03-11
1332.579956,2014-03-12
1299.72998,2014-03-13
1267.930054,2014-03-14
1287.959961,2014-03-17
1304.430054,2014-03-18
1287.22998,2014-03-19
1292.390015,2014-03-20
1268.839966,2014-03-21
1227.930054,2014-03-24
1223.699951,2014-03-25
1188.77002,2014-03-26
1182.25,2014-03-27
1192.01001,2014-03-28
1191.890015,2014-03-31
1251.369995,2014-04-01
1266.660034,2014-04-02
1237.449951,2014-04-03
1178.079956,2014-04-04
1169.72998,2014-04-07
1187.540039,2014-04-08
1234.630005,2014-04-09
1177.300049,2014-04-10
1156.209961,2014-04-11
1167.209961,2014-04-14
1169.75,2014-04-15
1212.25,2014-04-16
1208.359985,2014-04-17
1221.040039,2014-04-21
1230.0,2014-04-22
1219.949951,2014-04-23
1217.030029,2014-04-24
1157.23999,2014-04-25
1139.719971,2014-04-28
1154.839966,2014-04-29
1157.75,2014-04-30
1180.599976,2014-05-01
1179.930054,2014-05-02
1191.609985,2014-05-05
1168.359985,2014-05-06
1131.73999,2014-05-07
1108.0,2014-05-08
1135.910034,2014-05-09
1163.319946,2014-05-12
1159.910034,2014-05-13
1145.810059,2014-05-14
1136.25,2014-05-15
1137.160034,2014-05-16
1158.790039,2014-05-19
1150.280029,2014-05-20
1177.439941,2014-05-21
1178.060059,2014-05-22
1197.119995,2014-05-23
1259.109985,2014-05-27
1270.02002,2014-05-28
1291.72998,2014-05-29
1278.630005,2014-05-30
1278.800049,2014-06-02
1265.51001,2014-06-03
1245.969971,2014-06-04
1247.959961,2014-06-05
1238.079956,2014-06-06
1229.920044,2014-06-09
1222.880005,2014-06-10
1248.719971,2014-06-11
1226.0,2014-06-12
1189.300049,2014-06-13
1202.47998,2014-06-16
1196.51001,2014-06-17
1216.880005,2014-06-18
1206.829956,2014-06-19
1203.170044,2014-06-20
1205.599976,2014-06-23
1204.72998,2014-06-24
1221.449951,2014-06-25
1217.699951,2014-06-26
1205.469971,2014-06-27
1203.0,2014-06-30
1246.77002,2014-07-01
1237.839966,2014-07-02
1243.119995,2014-07-03
1252.400024,2014-07-07
1225.22998,2014-07-08
1236.369995,2014-07-09
1216.130005,2014-07-10
1214.920044,2014-07-11
1228.48999,2014-07-14
1231.0,2014-07-15
1223.650024,2014-07-16
1201.369995,2014-07-17
1212.780029,2014-07-18
1215.920044,2014-07-21
1230.660034,2014-07-22
1238.680054,2014-07-23
1236.72998,2014-07-24
1227.780029,2014-07-25
1239.290039,2014-07-28
1246.609985,2014-07-29
1255.949951,2014-07-30
1242.449951,2014-07-31
1245.900024,2014-08-01
1299.920044,2014-08-04
1281.209961,2014-08-05
1280.569946,2014-08-06
1285.109985,2014-08-07
1281.560059,2014-08-08
1309.280029,2014-08-11
1294.359985,2014-08-12
1293.75,2014-08-13
1284.810059,2014-08-14
1270.119995,2014-08-15
1276.180054,2014-08-18
1271.780029,2014-08-19
1273.369995,2014-08-20
1265.050049,2014-08-21
1277.5,2014-08-22
1277.01001,2014-08-25
1277.52002,2014-08-26
1260.77002,2014-08-27
1250.709961,2014-08-28
1244.310059,2014-08-29
1254.900024,2014-09-02
1234.400024,2014-09-03
1220.76001,2014-09-04
1195.02002,2014-09-05
1198.859985,2014-09-08
1177.079956,2014-09-09
1188.640015,2014-09-10
1176.849976,2014-09-11
1163.939941,2014-09-12
1153.589966,2014-09-15
1172.920044,2014-09-16
1173.800049,2014-09-17
1197.199951,2014-09-18
1186.119995,2014-09-19
1165.790039,2014-09-22
1166.349976,2014-09-23
1182.02002,2014-09-24
1164.030029,2014-09-25
1174.439941,2014-09-26
1161.050049,2014-09-29
1158.579956,2014-09-30
1137.660034,2014-10-01
1139.910034,2014-10-02
1141.459961,2014-10-03
1119.819946,2014-10-06
1109.150024,2014-10-07
1126.920044,2014-10-08
1102.189941,2014-10-09
1063.660034,2014-10-10
1040.699951,2014-10-13
1050.449951,2014-10-14
1058.75,2014-10-15
1073.189941,2014-10-16
1077.27002,2014-10-17
1103.069946,2014-10-20
1132.969971,2014-10-21
1114.449951,2014-10-22
1130.97998,2014-10-23
1138.430054,2014-10-24
1134.26001,2014-10-27
1156.619995,2014-10-28
1144.219971,2014-10-29
1146.589966,2014-10-30
1206.209961,2014-10-31
1198.52002,2014-11-03
1097.699951,2014-11-04
1095.339966,2014-11-05
1097.75,2014-11-06
1094.609985,2014-11-07
1120.02002,2014-11-10
1167.359985,2014-11-11
1161.0,2014-11-12
1168.01001,2014-11-13
1172.959961,2014-11-14
1166.410034,2014-11-17
1166.829956,2014-11-18
1156.650024,2014-11-19
1153.880005,2014-11-20
1151.459961,2014-11-21
1160.140015,2014-11-24
1179.170044,2014-11-25
1166.829956,2014-11-26
1160.189941,2014-11-28
1153.199951,2014-12-01
1139.359985,2014-12-02
1130.170044,2014-12-03
1140.109985,2014-12-04
1135.969971,2014-12-05
1135.680054,2014-12-08
1135.180054,2014-12-09
1115.52002,2014-12-10
1114.27002,2014-12-11
1103.98999,2014-12-12
1078.640015,2014-12-15
1045.839966,2014-12-16
1075.339966,2014-12-17
1104.579956,2014-12-18
1109.449951,2014-12-19
1149.380005,2014-12-22
1147.609985,2014-12-23
1149.780029,2014-12-24
1156.219971,2014-12-26
1160.040039,2014-12-29
1148.650024,2014-12-30
1140.209961,2014-12-31
1142.060059,2015-01-02
1097.579956,2015-01-05
1079.959961,2015-01-06
1069.569946,2015-01-07
1082.849976,2015-01-08
1051.959961,2015-01-09
1039.97998,2015-01-12
1037.819946,2015-01-13
1035.670044,2015-01-14
998.25,2015-01-15
1008.219971,2015-01-16
1024.949951,2015-01-20
1045.530029,2015-01-21
1049.680054,2015-01-22
1037.98999,2015-01-23
1041.859985,2015-01-26
1013.859985,2015-01-27
1003.25,2015-01-28
1014.73999,2015-01-29
1009.47998,2015-01-30
1013.030029,2015-02-02
1037.550049,2015-02-03
1028.280029,2015-02-04
1044.599976,2015-02-05
1022.419983,2015-02-06
1033.150024,2015-02-09
1057.619995,2015-02-10
1060.060059,2015-02-11
1091.949951,2015-02-12
1103.369995,2015-02-13
1120.98999,2015-02-17
1122.98999,2015-02-18
1218.050049,2015-02-19
1216.22998,2015-02-20
1207.579956,2015-02-23
1219.790039,2015-02-24
1250.859985,2015-02-25
1241.25,2015-02-26
1237.47998,2015-02-27
1249.400024,2015-03-02
1242.030029,2015-03-03
1225.670044,2015-03-04
1231.900024,2015-03-05
1215.98999,2015-03-06
1217.0,2015-03-09
1191.089966,2015-03-10
1177.550049,2015-03-11
1186.599976,2015-03-12
1157.77002,2015-03-13
1158.439941,2015-03-16
1153.569946,2015-03-17
1181.689941,2015-03-18
1176.319946,2015-03-19
1179.170044,2015-03-20
1181.180054,2015-03-23
1169.719971,2015-03-24
1152.699951,2015-03-25
1140.359985,2015-03-26
1135.189941,2015-03-27
1149.829956,2015-03-30
1164.150024,2015-03-31
1149.599976,2015-04-01
1160.439941,2015-04-02
1185.01001,2015-04-06
1184.97998,2015-04-07
1192.25,2015-04-08
1186.0,2015-04-09
1189.5,2015-04-10
1199.75,2015-04-13
1204.709961,2015-04-14
1200.949951,2015-04-15
1206.089966,2015-04-16
1187.530029,2015-04-17
1191.420044,2015-04-20
1194.26001,2015-04-21
1212.900024,2015-04-22
1221.099976,2015-04-23
1233.089966,2015-04-24
1253.199951,2015-04-27
1242.119995,2015-04-28
1248.51001,2015-04-29
1237.810059,2015-04-30
1260.430054,2015-05-01
1267.459961,2015-05-04
1263.319946,2015-05-05
1264.150024,2015-05-06
1213.48999,2015-05-07
1204.76001,2015-05-08
1186.380005,2015-05-11
1183.469971,2015-05-12
1177.75,2015-05-13
1190.089966,2015-05-14
1198.800049,2015-05-15
1216.839966,2015-05-18
1213.660034,2015-05-19
1208.180054,2015-05-20
1212.630005,2015-05-21
1208.5,2015-05-22
1195.780029,2015-05-26
1197.76001,2015-05-27
1190.550049,2015-05-28
1172.040039,2015-05-29
1166.660034,2015-06-01
1196.02002,2015-06-02
1193.709961,2015-06-03
1185.73999,2015-06-04
1178.160034,2015-06-05
1164.050049,2015-06-08
1163.27002,2015-06-09
1179.939941,2015-06-10
1181.930054,2015-06-11
1174.170044,2015-06-12
1175.359985,2015-06-15
1176.199951,2015-06-16
1163.569946,2015-06-17
1173.959961,2015-06-18
1158.459961,2015-06-19
1150.390015,2015-06-22
1155.949951,2015-06-23
1154.920044,2015-06-24
1149.189941,2015-06-25
1140.900024,2015-06-26
1107.72998,2015-06-29
1151.369995,2015-06-30
1150.349976,2015-07-01
1143.069946,2015-07-02
1141.430054,2015-07-06
1145.01001,2015-07-07
1116.939941,2015-07-08
1126.069946,2015-07-09
1143.189941,2015-07-10
1171.390015,2015-07-13
1171.430054,2015-07-14
1167.540039,2015-07-15
1182.98999,2015-07-16
1216.0,2015-07-17
1247.910034,2015-07-20
1235.199951,2015-07-21
1233.969971,2015-07-22
1228.959961,2015-07-23
1197.420044,2015-07-24
1186.079956,2015-07-27
1208.089966,2015-07-28
1219.430054,2015-07-29
1222.060059,2015-07-30
1243.569946,2015-07-31
1240.47998,2015-08-03
1283.98999,2015-08-04
1351.209961,2015-08-05
1351.800049,2015-08-06
1317.349976,2015-08-07
1323.75,2015-08-10
1307.869995,2015-08-11
1294.709961,2015-08-12
1285.469971,2015-08-13
1283.800049,2015-08-14
1306.560059,2015-08-17
1291.829956,2015-08-18
1291.349976,2015-08-19
1257.540039,2015-08-20
1216.920044,2015-08-21
1174.119995,2015-08-24
1178.810059,2015-08-25
1223.459961,2015-08-26
1252.01001,2015-08-27
1259.390015,2015-08-28
1248.640015,2015-08-31
1215.359985,2015-09-01
1242.869995,2015-09-02
1240.369995,2015-09-03
1245.25,2015-09-04
1280.400024,2015-09-08
1276.719971,2015-09-09
1287.73999,2015-09-10
1290.410034,2015-09-11
1286.829956,2015-09-14
1318.800049,2015-09-15
1320.47998,2015-09-16
1318.0,2015-09-17
1294.469971,2015-09-18
1307.47998,2015-09-21
1288.949951,2015-09-22
1275.98999,2015-09-23
1281.130005,2015-09-24
1252.76001,2015-09-25
1199.140015,2015-09-28
1200.319946,2015-09-29
1236.859985,2015-09-30
1247.079956,2015-10-01
1265.680054,2015-10-02
1274.859985,2015-10-05
1275.449951,2015-10-06
1291.579956,2015-10-07
1304.319946,2015-10-08
1313.290039,2015-10-09
1347.189941,2015-10-12
1345.0,2015-10-13
1311.079956,2015-10-14
1327.290039,2015-10-15
1336.569946,2015-10-16
1376.130005,2015-10-19
1372.51001,2015-10-20
1364.290039,2015-10-21
1354.469971,2015-10-22
1366.48999,2015-10-23
1416.319946,2015-10-26
1403.280029,2015-10-27
1404.52002,2015-10-28
1425.650024,2015-10-29
1454.23999,2015-10-30
1467.189941,2015-11-02
1464.900024,2015-11-03
1469.560059,2015-11-04
1462.640015,2015-11-05
1449.900024,2015-11-06
1311.150024,2015-11-09
1323.540039,2015-11-10
1329.579956,2015-11-11
1314.01001,2015-11-12
1297.75,2015-11-13
1266.869995,2015-11-16
1258.790039,2015-11-17
1278.5,2015-11-18
1284.650024,2015-11-19
1281.530029,2015-11-20
1264.319946,2015-11-23
1240.180054,2015-11-24
1245.75,2015-11-25
1244.98999,2015-11-27
1248.849976,2015-11-30
1282.5,2015-12-01
1275.439941,2015-12-02
1280.079956,2015-12-03
1300.47998,2015-12-04
1302.420044,2015-12-07
1303.969971,2015-12-08
1294.98999,2015-12-09
1306.5,2015-12-10
1285.329956,2015-12-11
1297.880005,2015-12-14
1323.72998,2015-12-15
1332.310059,2015-12-16
1313.73999,2015-12-17
1285.670044,2015-12-18
1275.709961,2015-12-21
1277.48999,2015-12-22
1279.050049,2015-12-23
1273.069946,2015-12-24
1272.959961,2015-12-28
1302.400024,2015-12-29
1289.160034,2015-12-30
1274.949951,2015-12-31
1245.369995,2016-01-04
1210.689941,2016-01-05
1196.709961,2016-01-06
1167.189941,2016-01-07
1136.959961,2016-01-08
1136.280029,2016-01-11
1148.920044,2016-01-12
1098.900024,2016-01-13
1121.380005,2016-01-14
1086.73999,2016-01-15
1094.5,2016-01-19
1081.329956,2016-01-20
1089.140015,2016-01-21
1118.109985,2016-01-22
1097.930054,2016-01-25
1111.540039,2016-01-26
1043.699951,2016-01-27
1043.130005,2016-01-28
1064.969971,2016-01-29
1084.869995,2016-02-01
1066.790039,2016-02-02
1049.160034,2016-02-03
1069.099976,2016-02-04
1015.549988,2016-02-05
973.799988,2016-02-08
991.289978,2016-02-09
1032.77002,2016-02-10
1055.23999,2016-02-11
1058.01001,2016-02-12
1110.680054,2016-02-16
1235.560059,2016-02-17
1251.949951,2016-02-18
1283.73999,2016-02-19
1288.420044,2016-02-22
1261.890015,2016-02-23
1264.209961,2016-02-24
1263.410034,2016-02-25
1254.27002,2016-02-26
1265.209961,2016-02-29
1295.920044,2016-03-01
1301.369995,2016-03-02
1303.040039,2016-03-03
1297.709961,2016-03-04
1291.430054,2016-03-07
1282.77002,2016-03-08
1291.890015,2016-03-09
1293.77002,2016-03-10
1326.869995,2016-03-11
1325.72998,2016-03-14
1332.130005,2016-03-15
1350.98999,2016-03-16
1346.859985,2016-03-17
1344.219971,2016-03-18
1350.51001,2016-03-21
1319.410034,2016-03-22
1306.109985,2016-03-23
1301.189941,2016-03-24
1287.030029,2016-03-28
1307.890015,2016-03-29
1317.030029,2016-03-30
1288.959961,2016-03-31
1299.699951,2016-04-01
1281.76001,2016-04-04
1279.079956,2016-04-05
1293.01001,2016-04-06
1276.5,2016-04-07
1274.150024,2016-04-08
1264.630005,2016-04-11
1300.280029,2016-04-12
1317.76001,2016-04-13
1336.390015,2016-04-14
1331.900024,2016-04-15
1353.369995,2016-04-18
1345.780029,2016-04-19
1350.0,2016-04-20
1340.0,2016-04-21
1338.5,2016-04-22
1335.27002,2016-04-25
1333.949951,2016-04-26
1353.73999,2016-04-27
1317.589966,2016-04-28
1343.660034,2016-04-29
1356.689941,2016-05-02
1354.640015,2016-05-03
1253.040039,2016-05-04
1240.849976,2016-05-05
1250.099976,2016-05-06
1244.920044,2016-05-09
1268.27002,2016-05-10
1267.310059,2016-05-11
1282.25,2016-05-12
1278.640015,2016-05-13
1283.469971,2016-05-16
1278.02002,2016-05-17
1267.27002,2016-05-18
1250.310059,2016-05-19
1249.290039,2016-05-20
1237.48999,2016-05-23
1256.630005,2016-05-24
1270.180054,2016-05-25
1269.02002,2016-05-26
1273.0,2016-05-27
1264.329956,2016-05-31
1278.0,2016-06-01
1290.0,2016-06-02
1301.709961,2016-06-03
1349.099976,2016-06-06
1360.0,2016-06-07
1354.829956,2016-06-08
1340.069946,2016-06-09
1318.900024,2016-06-10
1315.469971,2016-06-13
1304.099976,2016-06-14
1305.420044,2016-06-15
1323.890015,2016-06-16
1309.23999,2016-06-17
1341.959961,2016-06-20
1343.050049,2016-06-21
1360.099976,2016-06-22
1390.199951,2016-06-23
1232.140015,2016-06-24
1186.050049,2016-06-27
1204.25,2016-06-28
1239.410034,2016-06-29
1248.410034,2016-06-30
1267.369995,2016-07-01
1275.030029,2016-07-05
1292.040039,2016-07-06
1297.26001,2016-07-07
1329.459961,2016-07-08
1351.030029,2016-07-11
1345.430054,2016-07-12
1338.650024,2016-07-13
1346.180054,2016-07-14
1330.569946,2016-07-15
1341.359985,2016-07-18
1327.0,2016-07-19
1352.829956,2016-07-20
1332.5,2016-07-21
1327.400024,2016-07-22
1321.670044,2016-07-25
1324.530029,2016-07-26
1324.47998,2016-07-27
1326.099976,2016-07-28
1350.810059,2016-07-29
1356.079956,2016-08-01
1345.380005,2016-08-02
1371.140015,2016-08-03
1359.98999,2016-08-04
1414.219971,2016-08-05
1405.0,2016-08-08
1407.01001,2016-08-09
1406.280029,2016-08-10
1406.920044,2016-08-11
1407.97998,2016-08-12
1399.160034,2016-08-15
1408.660034,2016-08-16
1427.199951,2016-08-17
1443.069946,2016-08-18
1432.0,2016-08-19
1423.98999,2016-08-22
1422.469971,2016-08-23
1410.180054,2016-08-24
1415.550049,2016-08-25
1419.790039,2016-08-26
1425.189941,2016-08-29
1416.550049,2016-08-30
1416.72998,2016-08-31
1418.589966,2016-09-01
1422.849976,2016-09-02
1436.959961,2016-09-06
1444.01001,2016-09-07
1445.829956,2016-09-08
1413.900024,2016-09-09
1436.209961,2016-09-12
1415.949951,2016-09-13
1429.380005,2016-09-14
1457.219971,2016-09-15
1460.050049,2016-09-16
1448.060059,2016-09-19
1449.0,2016-09-20
1464.0,2016-09-21
1465.869995,2016-09-22
1456.76001,2016-09-23
1447.150024,2016-09-26
1453.48999,2016-09-27
1458.030029,2016-09-28
1472.97998,2016-09-29
1471.48999,2016-09-30
1486.719971,2016-10-03
1489.02002,2016-10-04
1497.579956,2016-10-05
1490.439941,2016-10-06
1479.819946,2016-10-07
1475.180054,2016-10-10
1459.02002,2016-10-11
1454.839966,2016-10-12
1442.52002,2016-10-13
1439.569946,2016-10-14
1437.650024,2016-10-17
1454.969971,2016-10-18
1469.199951,2016-10-19
1468.290039,2016-10-20
1467.390015,2016-10-21
1471.800049,2016-10-24
1479.030029,2016-10-25
1469.160034,2016-10-26
1463.02002,2016-10-27
1474.819946,2016-10-28
1474.22998,2016-10-31
1467.0,2016-11-01
1445.329956,2016-11-02
1438.099976,2016-11-03
1424.280029,2016-11-04
1480.329956,2016-11-07
1578.130005,2016-11-08
1570.26001,2016-11-09
1554.319946,2016-11-10
1540.650024,2016-11-11
1489.180054,2016-11-14
1497.449951,2016-11-15
1503.22998,2016-11-16
1512.900024,2016-11-17
1507.349976,2016-11-18
1524.180054,2016-11-21
1535.420044,2016-11-22
1520.98999,2016-11-23
1521.680054,2016-11-25
1525.069946,2016-11-28
1520.27002,2016-11-29
1503.680054,2016-11-30
1479.660034,2016-12-01
1473.0,2016-12-02
1499.76001,2016-12-05
1504.819946,2016-12-06
1527.040039,2016-12-07
1548.670044,2016-12-08
1557.97998,2016-12-09
1536.780029,2016-12-12
1540.109985,2016-12-13
1528.449951,2016-12-14
1501.199951,2016-12-15
1484.280029,2016-12-16
1488.829956,2016-12-19
1502.25,2016-12-20
1505.76001,2016-12-21
1481.339966,2016-12-22
1486.199951,2016-12-23
1493.420044,2016-12-27
1480.459961,2016-12-28
1480.160034,2016-12-29
1466.060059,2016-12-30
